<?xml version="1.0" encoding="utf-8"?>
<odoo>
<!--    <record id="employee_relationship" model="hr.employee.relation">-->
<!--            <field name="name">Spouse</field>-->
<!--    </record>-->

<!--    <record id="employee_relationship_father" model="hr.employee.relation">-->
<!--            <field name="name">Father</field>-->
<!--    </record>-->

<!--    <record id="employee_relationship_mother" model="hr.employee.relation">-->
<!--            <field name="name">Mother</field>-->
<!--    </record>-->
</odoo>